{"cameraMode":{"drawMode":0,"name":"Shaded","section":"Shading Mode"},"sceneLighting":false,"audioPlay":false,"sceneViewState":{"m_AlwaysRefresh":false,"showFog":true,"showSkybox":false,"showFlares":true,"showImageEffects":true,"showParticleSystems":true,"showVisualEffectGraphs":true,"m_FxEnabled":true},"in2DMode":false,"pivot":{"x":24.97551155090332,"y":-45.611385345458987,"z":-4.811897277832031},"rotation":{"x":-0.006009496748447418,"y":0.0071966759860515598,"z":-0.00004433810681803152,"w":-0.9999639391899109},"size":101.93183898925781,"orthographic":true}