{"cameraMode":{"drawMode":0,"name":"Shaded","section":"Shading Mode"},"sceneLighting":false,"audioPlay":false,"sceneViewState":{"m_AlwaysRefresh":false,"showFog":true,"showSkybox":false,"showFlares":true,"showImageEffects":true,"showParticleSystems":true,"showVisualEffectGraphs":true,"m_FxEnabled":true},"in2DMode":false,"pivot":{"x":-34.518672943115237,"y":55.943729400634769,"z":2.4457550048828127},"rotation":{"x":-0.05997027829289436,"y":-0.010783576406538487,"z":0.0006474405527114868,"w":-0.9981455206871033},"size":118.65599060058594,"orthographic":false}